{
    "BTC": {
        "free": 0,
        "locked": 0.0
    },
    "LTC": {
        "free": 0,
        "locked": 0.0
    },
    "ETH": {
        "free": 0,
        "locked": 0.0
    },
    "BNB": {
        "free": 0,
        "locked": 0.0
    },
    "USDT": {
        "free": 614.8812903423438,
        "locked": 0.0
    },
    "XLM": {
        "free": 0,
        "locked": 0.0
    },
    "SHIB": {
        "free": 0,
        "locked": 0.0
    },
    "WBETH": {
        "free": 0,
        "locked": 0.0
    }
}{
    "BNB": [
        568.8156,
        0.00012812
    ],
    "XLM": [
        0.0897396,
        118.69344324
    ],
    "BTC": [
        62317.728,
        0.00521794
    ],
    "ETH": [
        2443.54656,
        0.02582904
    ],
    "WBETH": [
        2569.35132,
        0.03132756
    ],
    "LTC": [
        64.07267999999999,
        0.77942773
    ],
    "SHIB": [
        1.7310479999999998e-05,
        4713938.83
    ]
}